{
  "Total" : {
    "transaction" : "Total",
    "sampleCount" : 1304,
    "errorCount" : 607,
    "errorPct" : 46.54908,
    "meanResTime" : 2439.217024539881,
    "medianResTime" : 2399.5,
    "minResTime" : 26.0,
    "maxResTime" : 9855.0,
    "pct1ResTime" : 5444.0,
    "pct2ResTime" : 6077.75,
    "pct3ResTime" : 7864.200000000007,
    "throughput" : 88.23927459737448,
    "receivedKBytesPerSec" : 2456.0871338518405,
    "sentKBytesPerSec" : 45.15448428407092
  },
  "Login-page" : {
    "transaction" : "Login-page",
    "sampleCount" : 500,
    "errorCount" : 233,
    "errorPct" : 46.6,
    "meanResTime" : 2552.116000000002,
    "medianResTime" : 2400.0,
    "minResTime" : 146.0,
    "maxResTime" : 6999.0,
    "pct1ResTime" : 4759.200000000001,
    "pct2ResTime" : 5372.949999999999,
    "pct3ResTime" : 5975.93,
    "throughput" : 47.57373929590865,
    "receivedKBytesPerSec" : 972.710606713844,
    "sentKBytesPerSec" : 6.132552331113225
  },
  "Home" : {
    "transaction" : "Home",
    "sampleCount" : 500,
    "errorCount" : 361,
    "errorPct" : 72.2,
    "meanResTime" : 2050.5620000000004,
    "medianResTime" : 388.5,
    "minResTime" : 26.0,
    "maxResTime" : 9855.0,
    "pct1ResTime" : 6226.6,
    "pct2ResTime" : 6785.85,
    "pct3ResTime" : 8176.370000000001,
    "throughput" : 44.57122481725798,
    "receivedKBytesPerSec" : 1236.7086344212426,
    "sentKBytesPerSec" : 33.77628309413443
  },
  "Home-0" : {
    "transaction" : "Home-0",
    "sampleCount" : 152,
    "errorCount" : 0,
    "errorPct" : 0.0,
    "meanResTime" : 2961.75,
    "medianResTime" : 3034.0,
    "minResTime" : 1725.0,
    "maxResTime" : 5234.0,
    "pct1ResTime" : 3391.1000000000004,
    "pct2ResTime" : 3663.8499999999985,
    "pct3ResTime" : 5115.8099999999995,
    "throughput" : 15.32103618586836,
    "receivedKBytesPerSec" : 21.646397162584417,
    "sentKBytesPerSec" : 12.61095466686826
  },
  "Home-1" : {
    "transaction" : "Home-1",
    "sampleCount" : 152,
    "errorCount" : 13,
    "errorPct" : 8.552631,
    "meanResTime" : 2823.7763157894724,
    "medianResTime" : 3044.0,
    "minResTime" : 27.0,
    "maxResTime" : 7375.0,
    "pct1ResTime" : 3748.1000000000017,
    "pct2ResTime" : 4572.899999999999,
    "pct3ResTime" : 6232.849999999998,
    "throughput" : 16.173653968929557,
    "receivedKBytesPerSec" : 1275.2410960111195,
    "sentKBytesPerSec" : 10.515452090870399
  }
}